,mae,rmse,mse,r2
0,9.60221540126456,16.509134742315343,272.5515299399235,0.989563615568058
